N;Denominazione dell'Azienda;Sede operativa;Prov;A;B;C;allevamento;conserve e confetture;erbe e piante officinali;latte e formaggi;frutta;olivo e olio;pane e pasta;salumi e carni;vino e vite;miele e api;ortaggi;musei-vita-contadina;cucina-gastronomia;agricoltura-bio-ambiente;coltivazioni;alimentazione;acquacoltura-pesca;fiori-ornamentali;asini-cavalli;vivere-la-natura;creatività;link
1;Azienda Sperimentale Regionale Improsta;Eboli;SA;N;N;N;N;N;N;N;N;N;N;N;N;N;N;N;N;N;N;N;N;N;N;N;N;http://www.agricoltura.regione.campania.it/fattorie/scheda-1.html
3;"Museo della Civiltà Contadina ""Michele Russo""";Somma Vesuviana;NA;N;N;N;N;N;N;N;N;N;N;N;N;N;N;N;N;N;N;N;N;N;N;N;N;http://www.agricoltura.regione.campania.it/fattorie/scheda-3.html
7;Centrale del Latte di Salerno SpA;Salerno;SA;N;N;N;N;N;N;N;N;N;N;N;N;N;N;N;N;N;N;N;N;N;N;N;N;http://www.agricoltura.regione.campania.it/fattorie/scheda-7.html
8;"Centro di Cultura ""Acerra Nostra""- Museo di Pulcinella, del folklore e della Civiltà Contadina";Acerra;NA;N;N;N;N;N;N;N;N;N;N;N;N;N;N;N;N;N;N;N;N;N;N;N;N;http://www.agricoltura.regione.campania.it/fattorie/scheda-8.html
9;Masseria Panico di Eredi Beneduce Ettore;Somma Vesuviana;NA;N;N;N;N;N;N;N;N;N;N;N;N;N;N;N;N;N;N;N;N;N;N;N;N;http://www.agricoltura.regione.campania.it/fattorie/scheda-9.html
10;Cooperativa Agrituristica La Ginestra;Vico Equense;NA;N;N;N;N;N;N;N;N;N;N;N;N;N;N;N;N;N;N;N;N;N;N;N;N;http://www.agricoltura.regione.campania.it/fattorie/scheda-10.html
13;Agriturismo Costiera Amalfitana;Tramonti;SA;N;N;N;N;N;N;N;N;N;N;N;N;N;N;N;N;N;N;N;N;N;N;N;N;http://www.agricoltura.regione.campania.it/fattorie/scheda-13.html
14;Masseria Sparano;Montecorvino Rovella;SA;N;N;N;N;N;N;N;N;N;N;N;N;N;N;N;N;N;N;N;N;N;N;N;N;http://www.agricoltura.regione.campania.it/fattorie/scheda-14.html
15;Dani Coop. Soc. Coop. Agricola;Sarno;SA;N;N;N;N;N;N;N;N;N;N;N;N;N;N;N;N;N;N;N;N;N;N;N;N;http://www.agricoltura.regione.campania.it/fattorie/scheda-15.html
17;Oleificio Fina;Montemiletto;AV;N;N;N;N;N;N;N;N;N;N;N;N;N;N;N;N;N;N;N;N;N;N;N;N;http://www.agricoltura.regione.campania.it/fattorie/scheda-17.html
23;Azienda Agricola De Marco srl;Lapio;AV;N;N;N;N;N;N;N;N;N;N;N;N;N;N;N;N;N;N;N;N;N;N;N;N;http://www.agricoltura.regione.campania.it/fattorie/scheda-23.html
25;San Leo;Acerno;SA;N;N;N;N;N;N;N;N;N;N;N;N;N;N;N;N;N;N;N;N;N;N;N;N;http://www.agricoltura.regione.campania.it/fattorie/scheda-25.html
27;Rivabianca Coop. arl;Capaccio;SA;N;N;N;N;N;N;N;N;N;N;N;N;N;N;N;N;N;N;N;N;N;N;N;N;http://www.agricoltura.regione.campania.it/fattorie/scheda-27.html
29;Poggio Fecondo;Nocera Inferiore;SA;N;N;N;N;N;N;N;N;N;N;N;N;N;N;N;N;N;N;N;N;N;N;N;N;http://www.agricoltura.regione.campania.it/fattorie/scheda-29.html
32;Azienda Agricola Vespoli Michele - Agriturismo Macchiapiede;Sala Consilina;SA;N;N;N;N;N;N;N;N;N;N;N;N;N;N;N;N;N;N;N;N;N;N;N;N;http://www.agricoltura.regione.campania.it/fattorie/scheda-32.html
34;Collina di Roseto;Benevento;BN;N;N;N;N;N;N;N;N;N;N;N;N;N;N;N;N;N;N;N;N;N;N;N;N;http://www.agricoltura.regione.campania.it/fattorie/scheda-34.html
38;L'Antico Feudo;Montecalvo Irpino;AV;N;N;N;N;N;N;N;N;N;N;N;N;N;N;N;N;N;N;N;N;N;N;N;N;http://www.agricoltura.regione.campania.it/fattorie/scheda-38.html
41;Corbella;Cicerale;SA;N;N;N;N;N;N;N;N;N;N;N;N;N;N;N;N;N;N;N;N;N;N;N;N;http://www.agricoltura.regione.campania.it/fattorie/scheda-41.html
43;Fondo Galatea;Piano di Sorrento;NA;N;N;N;N;N;N;N;N;N;N;N;N;N;N;N;N;N;N;N;N;N;N;N;N;http://www.agricoltura.regione.campania.it/fattorie/scheda-43.html
44;Apicoltura Massimo Sgambato;Santa Maria a Vico;CE;N;N;N;N;N;N;N;N;N;N;N;N;N;N;N;N;N;N;N;N;N;N;N;N;http://www.agricoltura.regione.campania.it/fattorie/scheda-44.html
45;La Colombaia;Capua;CE;N;N;N;N;N;N;N;N;N;N;N;N;N;N;N;N;N;N;N;N;N;N;N;N;http://www.agricoltura.regione.campania.it/fattorie/scheda-45.html
50;Masseria Manone;Marigliano;NA;N;N;N;N;N;N;N;N;N;N;N;N;N;N;N;N;N;N;N;N;N;N;N;N;http://www.agricoltura.regione.campania.it/fattorie/scheda-50.html
54;La posta vecchia;Francolise;CE;N;N;N;N;N;N;N;N;N;N;N;N;N;N;N;N;N;N;N;N;N;N;N;N;http://www.agricoltura.regione.campania.it/fattorie/scheda-54.html
56;Badevisco;Sessa Aurunca;CE;N;N;N;N;N;N;N;N;N;N;N;N;N;N;N;N;N;N;N;N;N;N;N;N;http://www.agricoltura.regione.campania.it/fattorie/scheda-56.html
60;La Rocca degli Ulivi;Sant'Angelo a Fasanella;SA;N;N;N;N;N;N;N;N;N;N;N;N;N;N;N;N;N;N;N;N;N;N;N;N;http://www.agricoltura.regione.campania.it/fattorie/scheda-60.html
61;Antica Masseria La Morella;Battipaglia;SA;N;N;N;N;N;N;N;N;N;N;N;N;N;N;N;N;N;N;N;N;N;N;N;N;http://www.agricoltura.regione.campania.it/fattorie/scheda-61.html
63;I Capitani;Torre Le Nocelle;AV;N;N;N;N;N;N;N;N;N;N;N;N;N;N;N;N;N;N;N;N;N;N;N;N;http://www.agricoltura.regione.campania.it/fattorie/scheda-63.html
64;Azienda Agrobiologica Macchione;Montefalcione;AV;N;N;N;N;N;N;N;N;N;N;N;N;N;N;N;N;N;N;N;N;N;N;N;N;http://www.agricoltura.regione.campania.it/fattorie/scheda-64.html
67;Fondazione IDIS - Città della Scienza;Napoli;NA;N;N;N;N;N;N;N;N;N;N;N;N;N;N;N;N;N;N;N;N;N;N;N;N;http://www.agricoltura.regione.campania.it/fattorie/scheda-67.html
70;Paolillo Michele;Pontecagnano Faiano;SA;N;N;N;N;N;N;N;N;N;N;N;N;N;N;N;N;N;N;N;N;N;N;N;N;http://www.agricoltura.regione.campania.it/fattorie/scheda-70.html
71;Masseria Eliseo;Capaccio;SA;N;N;N;N;N;N;N;N;N;N;N;N;N;N;N;N;N;N;N;N;N;N;N;N;http://www.agricoltura.regione.campania.it/fattorie/scheda-71.html
73;Oleificio Di Giacomo srl;Serre;SA;N;N;N;N;N;N;N;N;N;N;N;N;N;N;N;N;N;N;N;N;N;N;N;N;http://www.agricoltura.regione.campania.it/fattorie/scheda-73.html
75;Seliano;Capaccio;SA;N;N;N;N;N;N;N;N;N;N;N;N;N;N;N;N;N;N;N;N;N;N;N;N;http://www.agricoltura.regione.campania.it/fattorie/scheda-75.html
80;Coop. Falode;San Gregorio Matese;CE;N;N;N;N;N;N;N;N;N;N;N;N;N;N;N;N;N;N;N;N;N;N;N;N;http://www.agricoltura.regione.campania.it/fattorie/scheda-80.html
81;Azienda Agricola G. D'Andrea;Caianello;CE;N;N;N;N;N;N;N;N;N;N;N;N;N;N;N;N;N;N;N;N;N;N;N;N;http://www.agricoltura.regione.campania.it/fattorie/scheda-81.html
83;La Sibilla;Bacoli;NA;N;N;N;N;N;N;N;N;N;N;N;N;N;N;N;N;N;N;N;N;N;N;N;N;http://www.agricoltura.regione.campania.it/fattorie/scheda-83.html
84;Astapiana Villa Giusso;Vico Equense;NA;N;N;N;N;N;N;N;N;N;N;N;N;N;N;N;N;N;N;N;N;N;N;N;N;http://www.agricoltura.regione.campania.it/fattorie/scheda-84.html
87;Azienda Agrituristica Pericle di Pizza Renato;Montella;AV;N;N;N;N;N;N;N;N;N;N;N;N;N;N;N;N;N;N;N;N;N;N;N;N;http://www.agricoltura.regione.campania.it/fattorie/scheda-87.html
88;Il Castagneto;Montella;AV;N;N;N;N;N;N;N;N;N;N;N;N;N;N;N;N;N;N;N;N;N;N;N;N;http://www.agricoltura.regione.campania.it/fattorie/scheda-88.html
89;Antico Mulino;Ariano Irpino;AV;N;N;N;N;N;N;N;N;N;N;N;N;N;N;N;N;N;N;N;N;N;N;N;N;http://www.agricoltura.regione.campania.it/fattorie/scheda-89.html
91;Regio Tratturo;Ariano Irpino;AV;N;N;N;N;N;N;N;N;N;N;N;N;N;N;N;N;N;N;N;N;N;N;N;N;http://www.agricoltura.regione.campania.it/fattorie/scheda-91.html
93;Azienda Agricola e Agrituristica Del Nonno;Cesinali;AV;N;N;N;N;N;N;N;N;N;N;N;N;N;N;N;N;N;N;N;N;N;N;N;N;http://www.agricoltura.regione.campania.it/fattorie/scheda-93.html
96;Isca delle Donne;Centola;SA;N;N;N;N;N;N;N;N;N;N;N;N;N;N;N;N;N;N;N;N;N;N;N;N;http://www.agricoltura.regione.campania.it/fattorie/scheda-96.html
97;La Selva;Cava de' Tirreni;SA;N;N;N;N;N;N;N;N;N;N;N;N;N;N;N;N;N;N;N;N;N;N;N;N;http://www.agricoltura.regione.campania.it/fattorie/scheda-97.html
100;Le Tore;Massa Lubrense;NA;N;N;N;N;N;N;N;N;N;N;N;N;N;N;N;N;N;N;N;N;N;N;N;N;http://www.agricoltura.regione.campania.it/fattorie/scheda-100.html
105;Cooperativa Nuovo Cilento;San Mauro Cilento;SA;N;N;N;N;N;N;N;N;N;N;N;N;N;N;N;N;N;N;N;N;N;N;N;N;http://www.agricoltura.regione.campania.it/fattorie/scheda-105.html
110;Petrilli;Flumeri;AV;N;N;N;N;N;N;N;N;N;N;N;N;N;N;N;N;N;N;N;N;N;N;N;N;http://www.agricoltura.regione.campania.it/fattorie/scheda-110.html
113;Tempa del Niglio di Criscuolo Antonia;Ascea marina;SA;N;N;N;N;N;N;N;N;N;N;N;N;N;N;N;N;N;N;N;N;N;N;N;N;http://www.agricoltura.regione.campania.it/fattorie/scheda-113.html
114;Aurella;Ascea marina;SA;N;N;N;N;N;N;N;N;N;N;N;N;N;N;N;N;N;N;N;N;N;N;N;N;http://www.agricoltura.regione.campania.it/fattorie/scheda-114.html
115;Ass. Culturale Maria SS. della Luce - Museo Lab. della Civiltà Contadina;San Pietro a Patierno;NA;N;N;N;N;N;N;N;N;N;N;N;N;N;N;N;N;N;N;N;N;N;N;N;N;http://www.agricoltura.regione.campania.it/fattorie/scheda-115.html
119;Azienda Agricola di Malerba Salvatore;Montella;AV;N;N;N;N;N;N;N;N;N;N;N;N;N;N;N;N;N;N;N;N;N;N;N;N;http://www.agricoltura.regione.campania.it/fattorie/scheda-119.html
120;I.M.A. Industrie Meridionali Alimentari srl;Pignataro Maggiore;CE;N;N;N;N;N;N;N;N;N;N;N;N;N;N;N;N;N;N;N;N;N;N;N;N;http://www.agricoltura.regione.campania.it/fattorie/scheda-120.html
121;Istituto Incremento Ippico;Santa Maria Capua Vetere;CE;N;N;N;N;N;N;N;N;N;N;N;N;N;N;N;N;N;N;N;N;N;N;N;N;http://www.agricoltura.regione.campania.it/fattorie/scheda-121.html
122;Coop. Lavoro e Salute - La Starza- Vini Telaro;Galluccio;CE;N;N;N;N;N;N;N;N;N;N;N;N;N;N;N;N;N;N;N;N;N;N;N;N;http://www.agricoltura.regione.campania.it/fattorie/scheda-122.html
123;Fattoria Selvanova;Castel Campagnano;CE;N;N;N;N;N;N;N;N;N;N;N;N;N;N;N;N;N;N;N;N;N;N;N;N;http://www.agricoltura.regione.campania.it/fattorie/scheda-123.html
128;Marchese;Faicchio;BN;N;N;N;N;N;N;N;N;N;N;N;N;N;N;N;N;N;N;N;N;N;N;N;N;http://www.agricoltura.regione.campania.it/fattorie/scheda-128.html
130;Il Falco del Cilento;Torchiara;SA;N;N;N;N;N;N;N;N;N;N;N;N;N;N;N;N;N;N;N;N;N;N;N;N;http://www.agricoltura.regione.campania.it/fattorie/scheda-130.html
131;La Fattoria del Cilento;Ascea marina;SA;N;N;N;N;N;N;N;N;N;N;N;N;N;N;N;N;N;N;N;N;N;N;N;N;http://www.agricoltura.regione.campania.it/fattorie/scheda-131.html
132;Carpineto;Pietrastornina;AV;N;N;N;N;N;N;N;N;N;N;N;N;N;N;N;N;N;N;N;N;N;N;N;N;http://www.agricoltura.regione.campania.it/fattorie/scheda-132.html
133;Masseria Frangiosa;Torrecuso;BN;N;N;N;N;N;N;N;N;N;N;N;N;N;N;N;N;N;N;N;N;N;N;N;N;http://www.agricoltura.regione.campania.it/fattorie/scheda-133.html
134;Le Campestre;Castel di Sasso;CE;N;N;N;N;N;N;N;N;N;N;N;N;N;N;N;N;N;N;N;N;N;N;N;N;http://www.agricoltura.regione.campania.it/fattorie/scheda-134.html
137;Il Forno Antico;San Mauro la bruca;SA;N;N;N;N;N;N;N;N;N;N;N;N;N;N;N;N;N;N;N;N;N;N;N;N;http://www.agricoltura.regione.campania.it/fattorie/scheda-137.html
138;Il Fontanone;San Cipriano Picentino;SA;N;N;N;N;N;N;N;N;N;N;N;N;N;N;N;N;N;N;N;N;N;N;N;N;http://www.agricoltura.regione.campania.it/fattorie/scheda-138.html
140;Il Gelso delle Maitine;Pesco Sannita;BN;N;N;N;N;N;N;N;N;N;N;N;N;N;N;N;N;N;N;N;N;N;N;N;N;http://www.agricoltura.regione.campania.it/fattorie/scheda-140.html
142;Green Park;Trentinara;SA;N;N;N;N;N;N;N;N;N;N;N;N;N;N;N;N;N;N;N;N;N;N;N;N;http://www.agricoltura.regione.campania.it/fattorie/scheda-142.html
147;Cancelleria;Benevento;BN;N;N;N;N;N;N;N;N;N;N;N;N;N;N;N;N;N;N;N;N;N;N;N;N;http://www.agricoltura.regione.campania.it/fattorie/scheda-147.html
151;Torre Vecchia di Marafi;Faicchio;BN;N;N;N;N;N;N;N;N;N;N;N;N;N;N;N;N;N;N;N;N;N;N;N;N;http://www.agricoltura.regione.campania.it/fattorie/scheda-151.html
161;La Masseria;Villaricca;NA;N;N;N;N;N;N;N;N;N;N;N;N;N;N;N;N;N;N;N;N;N;N;N;N;http://www.agricoltura.regione.campania.it/fattorie/scheda-161.html
162;Il Poggio di Vallelunga;Montesano sulla Marcellana;SA;N;N;N;N;N;N;N;N;N;N;N;N;N;N;N;N;N;N;N;N;N;N;N;N;http://www.agricoltura.regione.campania.it/fattorie/scheda-162.html
164;Salumificio Magroni;Pastorano;CE;N;N;N;N;N;N;N;N;N;N;N;N;N;N;N;N;N;N;N;N;N;N;N;N;http://www.agricoltura.regione.campania.it/fattorie/scheda-164.html
167;La Spadara;Forio d'Ischia;NA;N;N;N;N;N;N;N;N;N;N;N;N;N;N;N;N;N;N;N;N;N;N;N;N;http://www.agricoltura.regione.campania.it/fattorie/scheda-167.html
168;San Giovanni – ITAS G. Fortunato;Eboli;SA;N;N;N;N;N;N;N;N;N;N;N;N;N;N;N;N;N;N;N;N;N;N;N;N;http://www.agricoltura.regione.campania.it/fattorie/scheda-168.html
169;Erbanito;San Rufo;SA;N;N;N;N;N;N;N;N;N;N;N;N;N;N;N;N;N;N;N;N;N;N;N;N;http://www.agricoltura.regione.campania.it/fattorie/scheda-169.html
170;Fattoria Sole e Natura;Pignataro Maggiore;CE;N;N;N;N;N;N;N;N;N;N;N;N;N;N;N;N;N;N;N;N;N;N;N;N;http://www.agricoltura.regione.campania.it/fattorie/scheda-170.html
171;La Ghiandaia srl;San Leucio;CE;N;N;N;N;N;N;N;N;N;N;N;N;N;N;N;N;N;N;N;N;N;N;N;N;http://www.agricoltura.regione.campania.it/fattorie/scheda-171.html
172;Fontanella Magic Arabians srl;Pignataro Maggiore;CE;N;N;N;N;N;N;N;N;N;N;N;N;N;N;N;N;N;N;N;N;N;N;N;N;http://www.agricoltura.regione.campania.it/fattorie/scheda-172.html
174;Al.Gio. srl;Sessa Aurunca;CE;N;N;N;N;N;N;N;N;N;N;N;N;N;N;N;N;N;N;N;N;N;N;N;N;http://www.agricoltura.regione.campania.it/fattorie/scheda-174.html
176;San Giovanni;Caiazzo;CE;N;N;N;N;N;N;N;N;N;N;N;N;N;N;N;N;N;N;N;N;N;N;N;N;http://www.agricoltura.regione.campania.it/fattorie/scheda-176.html
177;Giaccio Frutta scarl.;Vitulazio;CE;N;N;N;N;N;N;N;N;N;N;N;N;N;N;N;N;N;N;N;N;N;N;N;N;http://www.agricoltura.regione.campania.it/fattorie/scheda-177.html
178;Regina Viarum sas;Falciano del Massico;CE;N;N;N;N;N;N;N;N;N;N;N;N;N;N;N;N;N;N;N;N;N;N;N;N;http://www.agricoltura.regione.campania.it/fattorie/scheda-178.html
179;Bosco Farneto;Presenzano;CE;N;N;N;N;N;N;N;N;N;N;N;N;N;N;N;N;N;N;N;N;N;N;N;N;http://www.agricoltura.regione.campania.it/fattorie/scheda-179.html
180;La fattoria di Paola;Pimonte;NA;N;N;N;N;N;N;N;N;N;N;N;N;N;N;N;N;N;N;N;N;N;N;N;N;http://www.agricoltura.regione.campania.it/fattorie/scheda-180.html
182;Verdi Fattorie;Sant’Angelo all’Esca;AV;N;N;N;N;N;N;N;N;N;N;N;N;N;N;N;N;N;N;N;N;N;N;N;N;http://www.agricoltura.regione.campania.it/fattorie/scheda-182.html
183;Carbone Liliana;San Gregorio Magno;SA;N;N;N;N;N;N;N;N;N;N;N;N;N;N;N;N;N;N;N;N;N;N;N;N;http://www.agricoltura.regione.campania.it/fattorie/scheda-183.html
185;San Basilio;Salento;SA;N;N;N;N;N;N;N;N;N;N;N;N;N;N;N;N;N;N;N;N;N;N;N;N;http://www.agricoltura.regione.campania.it/fattorie/scheda-185.html
186;Azienda Agricola DE.NI.GIO. Sas di De Nigris Claudio - Il mondo di Heidi;Eboli;SA;N;N;N;N;N;N;N;N;N;N;N;N;N;N;N;N;N;N;N;N;N;N;N;N;http://www.agricoltura.regione.campania.it/fattorie/scheda-186.html
188;Agriturismo Caseria;Castelfranco in Miscano;BN;N;N;N;N;N;N;N;N;N;N;N;N;N;N;N;N;N;N;N;N;N;N;N;N;http://www.agricoltura.regione.campania.it/fattorie/scheda-188.html
189;Scuola Secondaria di I grado Giovanni Amendola;Sarno;SA;N;N;N;N;N;N;N;N;N;N;N;N;N;N;N;N;N;N;N;N;N;N;N;N;http://www.agricoltura.regione.campania.it/fattorie/scheda-189.html
191;Masseria Cortile grande;Napoli;NA;N;N;N;N;N;N;N;N;N;N;N;N;N;N;N;N;N;N;N;N;N;N;N;N;http://www.agricoltura.regione.campania.it/fattorie/scheda-191.html
193;San Felice;Cicerale;SA;N;N;N;N;N;N;N;N;N;N;N;N;N;N;N;N;N;N;N;N;N;N;N;N;http://www.agricoltura.regione.campania.it/fattorie/scheda-193.html
194;Masseria Cardilli;Presenzano;CE;N;N;N;N;N;N;N;N;N;N;N;N;N;N;N;N;N;N;N;N;N;N;N;N;http://www.agricoltura.regione.campania.it/fattorie/scheda-194.html
195;Az. Agrituristica Di Fiore;Morcone;BN;N;N;N;N;N;N;N;N;N;N;N;N;N;N;N;N;N;N;N;N;N;N;N;N;http://www.agricoltura.regione.campania.it/fattorie/scheda-195.html
198;Mazzarella Pasquale srl;Alvignano;CE;N;N;N;N;N;N;N;N;N;N;N;N;N;N;N;N;N;N;N;N;N;N;N;N;http://www.agricoltura.regione.campania.it/fattorie/scheda-198.html
201;Un Fiore per la Vita - scs;Aversa;CE;N;N;N;N;N;N;N;N;N;N;N;N;N;N;N;N;N;N;N;N;N;N;N;N;http://www.agricoltura.regione.campania.it/fattorie/scheda-201.html
208;Fontana dei Salici;San Nicola Baronia;AV;N;N;N;N;N;N;N;N;N;N;N;N;N;N;N;N;N;N;N;N;N;N;N;N;http://www.agricoltura.regione.campania.it/fattorie/scheda-208.html
209;Oleificio FAM;Venticano;AV;N;N;N;N;N;N;N;N;N;N;N;N;N;N;N;N;N;N;N;N;N;N;N;N;http://www.agricoltura.regione.campania.it/fattorie/scheda-209.html
210;Il Frescale;Tramonti;SA;N;N;N;N;N;N;N;N;N;N;N;N;N;N;N;N;N;N;N;N;N;N;N;N;http://www.agricoltura.regione.campania.it/fattorie/scheda-210.html
212;Tenuta Baroni Galdieri;Fisciano;SA;N;N;N;N;N;N;N;N;N;N;N;N;N;N;N;N;N;N;N;N;N;N;N;N;http://www.agricoltura.regione.campania.it/fattorie/scheda-212.html
213;SAB srl;Battipaglia;SA;N;N;N;N;N;N;N;N;N;N;N;N;N;N;N;N;N;N;N;N;N;N;N;N;http://www.agricoltura.regione.campania.it/fattorie/scheda-213.html
215;Terranova;Solofra;AV;N;N;N;N;N;N;N;N;N;N;N;N;N;N;N;N;N;N;N;N;N;N;N;N;http://www.agricoltura.regione.campania.it/fattorie/scheda-215.html
217;Istituto Zooprofilattico Sperimentale del Mezzogiorno;Portici;NA;N;N;N;N;N;N;N;N;N;N;N;N;N;N;N;N;N;N;N;N;N;N;N;N;http://www.agricoltura.regione.campania.it/fattorie/scheda-217.html
218;Aragona Arabians onlus;Barano d'ischia;NA;N;N;N;N;N;N;N;N;N;N;N;N;N;N;N;N;N;N;N;N;N;N;N;N;http://www.agricoltura.regione.campania.it/fattorie/scheda-218.html
223;Ulivo Saraceno - Papale Salvatore;Capua;CE;N;N;N;N;N;N;N;N;N;N;N;N;N;N;N;N;N;N;N;N;N;N;N;N;http://www.agricoltura.regione.campania.it/fattorie/scheda-223.html
224;Eremo Camaldoli - Congregazione dei Missionari della Divina Redenzione;Nola;NA;N;N;N;N;N;N;N;N;N;N;N;N;N;N;N;N;N;N;N;N;N;N;N;N;http://www.agricoltura.regione.campania.it/fattorie/scheda-224.html
225;Iannotti Livia - La vecchia Trainella;San Lorenzo Maggiore;BN;N;N;N;N;N;N;N;N;N;N;N;N;N;N;N;N;N;N;N;N;N;N;N;N;http://www.agricoltura.regione.campania.it/fattorie/scheda-225.html
226;Agrizoo soc. coop. arl;Pignataro Maggiore;CE;N;N;N;N;N;N;N;N;N;N;N;N;N;N;N;N;N;N;N;N;N;N;N;N;http://www.agricoltura.regione.campania.it/fattorie/scheda-226.html
227;Anima Mundi;Pesco Sannita;BN;N;N;N;N;N;N;N;N;N;N;N;N;N;N;N;N;N;N;N;N;N;N;N;N;http://www.agricoltura.regione.campania.it/fattorie/scheda-227.html
228;Fuoco di Nigro Serafina;Oliveto Citra;SA;N;N;N;N;N;N;N;N;N;N;N;N;N;N;N;N;N;N;N;N;N;N;N;N;http://www.agricoltura.regione.campania.it/fattorie/scheda-228.html
230;La Fattoria;Sarno;SA;N;N;N;N;N;N;N;N;N;N;N;N;N;N;N;N;N;N;N;N;N;N;N;N;http://www.agricoltura.regione.campania.it/fattorie/scheda-230.html
231;Masseria Antuono;Giugliano in Campania;NA;N;N;N;N;N;N;N;N;N;N;N;N;N;N;N;N;N;N;N;N;N;N;N;N;http://www.agricoltura.regione.campania.it/fattorie/scheda-231.html
232;Verdeoliva di Sabino Serra;Alvignano;CE;N;N;N;N;N;N;N;N;N;N;N;N;N;N;N;N;N;N;N;N;N;N;N;N;http://www.agricoltura.regione.campania.it/fattorie/scheda-232.html
234;Agriturismo Parmenide;Castelnuovo Cilento;SA;N;N;N;N;N;N;N;N;N;N;N;N;N;N;N;N;N;N;N;N;N;N;N;N;http://www.agricoltura.regione.campania.it/fattorie/scheda-234.html
236;Le Due Torri di Rusciano Laura;Presenzano;CE;N;N;N;N;N;N;N;N;N;N;N;N;N;N;N;N;N;N;N;N;N;N;N;N;http://www.agricoltura.regione.campania.it/fattorie/scheda-236.html
238;Piscina Mirabile;Bacoli;NA;N;N;N;N;N;N;N;N;N;N;N;N;N;N;N;N;N;N;N;N;N;N;N;N;http://www.agricoltura.regione.campania.it/fattorie/scheda-238.html
240;Antica Masseria di Sguazzo Antonio;Pontecagnano Faiano;SA;N;N;N;N;N;N;N;N;N;N;N;N;N;N;N;N;N;N;N;N;N;N;N;N;http://www.agricoltura.regione.campania.it/fattorie/scheda-240.html
241;La Rosa dei venti;Sant'Agata dei Goti;BN;N;N;N;N;N;N;N;N;N;N;N;N;N;N;N;N;N;N;N;N;N;N;N;N;http://www.agricoltura.regione.campania.it/fattorie/scheda-241.html
242;Villa Palmentiello;Sant'Antonio Abate;NA;N;N;N;N;N;N;N;N;N;N;N;N;N;N;N;N;N;N;N;N;N;N;N;N;http://www.agricoltura.regione.campania.it/fattorie/scheda-242.html
244;CREA - Unità di ricerca per la frutticoltura (FRC);Caserta;CE;N;N;N;N;N;N;N;N;N;N;N;N;N;N;N;N;N;N;N;N;N;N;N;N;http://www.agricoltura.regione.campania.it/fattorie/scheda-244.html
246;Padri Benedettini Montevergine;Mercogliano;AV;N;N;N;N;N;N;N;N;N;N;N;N;N;N;N;N;N;N;N;N;N;N;N;N;http://www.agricoltura.regione.campania.it/fattorie/scheda-246.html
247;La Sagliutella;Alvignano;CE;N;N;N;N;N;N;N;N;N;N;N;N;N;N;N;N;N;N;N;N;N;N;N;N;http://www.agricoltura.regione.campania.it/fattorie/scheda-247.html
248;Azienda Agricola Biologica Prisco soc. agr. sas;San Mauro la bruca;SA;N;N;N;N;N;N;N;N;N;N;N;N;N;N;N;N;N;N;N;N;N;N;N;N;http://www.agricoltura.regione.campania.it/fattorie/scheda-248.html
249;Centro Don Orione;Ercolano;NA;N;N;N;N;N;N;N;N;N;N;N;N;N;N;N;N;N;N;N;N;N;N;N;N;http://www.agricoltura.regione.campania.it/fattorie/scheda-249.html
251;Di Palma Leopoldo;San Salvatore Telesino;BN;N;N;N;N;N;N;N;N;N;N;N;N;N;N;N;N;N;N;N;N;N;N;N;N;http://www.agricoltura.regione.campania.it/fattorie/scheda-251.html
253;La Follonella di Colicino Giovanni;Montella;AV;N;N;N;N;N;N;N;N;N;N;N;N;N;N;N;N;N;N;N;N;N;N;N;N;http://www.agricoltura.regione.campania.it/fattorie/scheda-253.html
255;Il Sentiero degli Ulivi;Venticano;AV;N;N;N;N;N;N;N;N;N;N;N;N;N;N;N;N;N;N;N;N;N;N;N;N;http://www.agricoltura.regione.campania.it/fattorie/scheda-255.html
256;Tenuta Agrituristica Rubinacci;Palma Campania;NA;N;N;N;N;N;N;N;N;N;N;N;N;N;N;N;N;N;N;N;N;N;N;N;N;http://www.agricoltura.regione.campania.it/fattorie/scheda-256.html
257;Il Cocchiere;Poggiomarino;NA;N;N;N;N;N;N;N;N;N;N;N;N;N;N;N;N;N;N;N;N;N;N;N;N;http://www.agricoltura.regione.campania.it/fattorie/scheda-257.html
259;Azienda Vernelle srl;Sant'Angelo di Alife;CE;N;N;N;N;N;N;N;N;N;N;N;N;N;N;N;N;N;N;N;N;N;N;N;N;http://www.agricoltura.regione.campania.it/fattorie/scheda-259.html
261;L'Ape e il Girasole di Coscia Giuseppe;Castel Campagnano;CE;N;N;N;N;N;N;N;N;N;N;N;N;N;N;N;N;N;N;N;N;N;N;N;N;http://www.agricoltura.regione.campania.it/fattorie/scheda-261.html
262;La Cascina degli Ulivi;Castel Campagnano;CE;N;N;N;N;N;N;N;N;N;N;N;N;N;N;N;N;N;N;N;N;N;N;N;N;http://www.agricoltura.regione.campania.it/fattorie/scheda-262.html
263;La Tana del Ghiro;Serino;AV;N;N;N;N;N;N;N;N;N;N;N;N;N;N;N;N;N;N;N;N;N;N;N;N;http://www.agricoltura.regione.campania.it/fattorie/scheda-263.html
264;Romano Salvatore - Il Professore;Gioia sannitica;CE;N;N;N;N;N;N;N;N;N;N;N;N;N;N;N;N;N;N;N;N;N;N;N;N;http://www.agricoltura.regione.campania.it/fattorie/scheda-264.html
266;Terra di vento;Montecorvino Pugliano;SA;N;N;N;N;N;N;N;N;N;N;N;N;N;N;N;N;N;N;N;N;N;N;N;N;http://www.agricoltura.regione.campania.it/fattorie/scheda-266.html
267;Feudo Ron Alfre';Eboli;SA;N;N;N;N;N;N;N;N;N;N;N;N;N;N;N;N;N;N;N;N;N;N;N;N;http://www.agricoltura.regione.campania.it/fattorie/scheda-267.html
268;Agriturismo Barone Fortunato;Giffoni valle Piana;SA;N;N;N;N;N;N;N;N;N;N;N;N;N;N;N;N;N;N;N;N;N;N;N;N;http://www.agricoltura.regione.campania.it/fattorie/scheda-268.html
269;Fattoria Alvaneta;Padula;SA;N;N;N;N;N;N;N;N;N;N;N;N;N;N;N;N;N;N;N;N;N;N;N;N;http://www.agricoltura.regione.campania.it/fattorie/scheda-269.html
270;Solare di Genovese Maria;Perito;SA;N;N;N;N;N;N;N;N;N;N;N;N;N;N;N;N;N;N;N;N;N;N;N;N;http://www.agricoltura.regione.campania.it/fattorie/scheda-270.html
271;Azienda Agricola Guariglia di Guariglia Pierpaolo – La Grande Quercia;Serre;SA;N;N;N;N;N;N;N;N;N;N;N;N;N;N;N;N;N;N;N;N;N;N;N;N;http://www.agricoltura.regione.campania.it/fattorie/scheda-271.html
274;Nonna Rosina;Nusco;AV;N;N;N;N;N;N;N;N;N;N;N;N;N;N;N;N;N;N;N;N;N;N;N;N;http://www.agricoltura.regione.campania.it/fattorie/scheda-274.html
276;Greenland;Castellammare di Stabia;NA;N;N;N;N;N;N;N;N;N;N;N;N;N;N;N;N;N;N;N;N;N;N;N;N;http://www.agricoltura.regione.campania.it/fattorie/scheda-276.html
277;Leppa Margherita;San Giorgio la Molara;BN;N;N;N;N;N;N;N;N;N;N;N;N;N;N;N;N;N;N;N;N;N;N;N;N;http://www.agricoltura.regione.campania.it/fattorie/scheda-277.html
280;San Cassiano;San Potito sannitico;CE;N;N;N;N;N;N;N;N;N;N;N;N;N;N;N;N;N;N;N;N;N;N;N;N;http://www.agricoltura.regione.campania.it/fattorie/scheda-280.html
281;Le Arcate sas;Galluccio;CE;N;N;N;N;N;N;N;N;N;N;N;N;N;N;N;N;N;N;N;N;N;N;N;N;http://www.agricoltura.regione.campania.it/fattorie/scheda-281.html
283;Al di là dei sogni Onlus coop. sociale;Sessa Aurunca;CE;N;N;N;N;N;N;N;N;N;N;N;N;N;N;N;N;N;N;N;N;N;N;N;N;http://www.agricoltura.regione.campania.it/fattorie/scheda-283.html
284;Amico Bio Allevamenti di Amico Enrico;Giano Vetusto;CE;N;N;N;N;N;N;N;N;N;N;N;N;N;N;N;N;N;N;N;N;N;N;N;N;http://www.agricoltura.regione.campania.it/fattorie/scheda-284.html
285;CRIAcq – Fattoria del Mare;Portici;NA;N;N;N;N;N;N;N;N;N;N;N;N;N;N;N;N;N;N;N;N;N;N;N;N;http://www.agricoltura.regione.campania.it/fattorie/scheda-285.html
286;L'Oliveto di Corrado Anna Maria;Montecorvino Rovella;SA;N;N;N;N;N;N;N;N;N;N;N;N;N;N;N;N;N;N;N;N;N;N;N;N;http://www.agricoltura.regione.campania.it/fattorie/scheda-286.html
287;Azienda Agricola Balestrieri Vittorio;Napoli;NA;N;N;N;N;N;N;N;N;N;N;N;N;N;N;N;N;N;N;N;N;N;N;N;N;http://www.agricoltura.regione.campania.it/fattorie/scheda-287.html
288;Antica Tenuta Chiola di Chiola Delfino Tito;Sicignano degli Alburni;SA;N;N;N;N;N;N;N;N;N;N;N;N;N;N;N;N;N;N;N;N;N;N;N;N;http://www.agricoltura.regione.campania.it/fattorie/scheda-288.html
289;Il Quarto Miglio srl di Verde Ciro;Quarto;NA;N;N;N;N;N;N;N;N;N;N;N;N;N;N;N;N;N;N;N;N;N;N;N;N;http://www.agricoltura.regione.campania.it/fattorie/scheda-289.html
290;Albatros di Carbone Antonio & C. sas – Società Agricola;Quarto;NA;N;N;N;N;N;N;N;N;N;N;N;N;N;N;N;N;N;N;N;N;N;N;N;N;http://www.agricoltura.regione.campania.it/fattorie/scheda-290.html
291;Tenuta Monte Sant'Angelo srl;Napoli;NA;N;N;N;N;N;N;N;N;N;N;N;N;N;N;N;N;N;N;N;N;N;N;N;N;http://www.agricoltura.regione.campania.it/fattorie/scheda-291.html
292;Somma Vesuvio Grand Tour – Fattoria La Cinciallegra;Pollena Trocchia;NA;N;N;N;N;N;N;N;N;N;N;N;N;N;N;N;N;N;N;N;N;N;N;N;N;http://www.agricoltura.regione.campania.it/fattorie/scheda-292.html
293;Pagnotto Giuseppe – Azienda Le Cammarose;Felitto;SA;N;N;N;N;N;N;N;N;N;N;N;N;N;N;N;N;N;N;N;N;N;N;N;N;http://www.agricoltura.regione.campania.it/fattorie/scheda-293.html
294;Azienda Agricola Tempio di Barlotti Gianluigi;Capaccio;SA;N;N;N;N;N;N;N;N;N;N;N;N;N;N;N;N;N;N;N;N;N;N;N;N;http://www.agricoltura.regione.campania.it/fattorie/scheda-294.html
295;Masseria Pignata di Pignata Francesco;Giugliano in Campania;NA;N;N;N;N;N;N;N;N;N;N;N;N;N;N;N;N;N;N;N;N;N;N;N;N;http://www.agricoltura.regione.campania.it/fattorie/scheda-295.html
296;La Vammora di Piserchia Luciano;Laviano;SA;N;N;N;N;N;N;N;N;N;N;N;N;N;N;N;N;N;N;N;N;N;N;N;N;http://www.agricoltura.regione.campania.it/fattorie/scheda-296.html
297;Ponteré Cecere;Cancello ed Arnone;CE;N;N;N;N;N;N;N;N;N;N;N;N;N;N;N;N;N;N;N;N;N;N;N;N;http://www.agricoltura.regione.campania.it/fattorie/scheda-297.html
298;Masseria Giòsole sas;Capua;CE;N;N;N;N;N;N;N;N;N;N;N;N;N;N;N;N;N;N;N;N;N;N;N;N;http://www.agricoltura.regione.campania.it/fattorie/scheda-298.html
299;Sole soc. coop. agricola;Parete;CE;N;N;N;N;N;N;N;N;N;N;N;N;N;N;N;N;N;N;N;N;N;N;N;N;http://www.agricoltura.regione.campania.it/fattorie/scheda-299.html
300;Agriturismo Il Ponte di Annibale;Ricigliano;SA;N;N;N;N;N;N;N;N;N;N;N;N;N;N;N;N;N;N;N;N;N;N;N;N;http://www.agricoltura.regione.campania.it/fattorie/scheda-300.html
301;Azienda Agricola Zootecnica di Insalata Teresa;Oliveto Citra;SA;N;N;N;N;N;N;N;N;N;N;N;N;N;N;N;N;N;N;N;N;N;N;N;N;http://www.agricoltura.regione.campania.it/fattorie/scheda-301.html
302;Azienda Agricola Serroni di Ciccarella Vincenzo;Bisaccia;AV;N;N;N;N;N;N;N;N;N;N;N;N;N;N;N;N;N;N;N;N;N;N;N;N;http://www.agricoltura.regione.campania.it/fattorie/scheda-302.html
303;Caso Antonino;Vico Equense;NA;N;N;N;N;N;N;N;N;N;N;N;N;N;N;N;N;N;N;N;N;N;N;N;N;http://www.agricoltura.regione.campania.it/fattorie/scheda-303.html
304;Guidone Laura - L'Orto del Vesuvio;San Sebastiano al Vesuvio;NA;N;N;N;N;N;N;N;N;N;N;N;N;N;N;N;N;N;N;N;N;N;N;N;N;http://www.agricoltura.regione.campania.it/fattorie/scheda-304.html
305;Dell'Orto Antonietta;Eboli;SA;N;N;N;N;N;N;N;N;N;N;N;N;N;N;N;N;N;N;N;N;N;N;N;N;http://www.agricoltura.regione.campania.it/fattorie/scheda-305.html
306;Cantine Rao;Caiazzo;CE;N;N;N;N;N;N;N;N;N;N;N;N;N;N;N;N;N;N;N;N;N;N;N;N;http://www.agricoltura.regione.campania.it/fattorie/scheda-306.html
307;Tenuta Cavalier Pepe - Soc. Agr. Srl;Luogosano;AV;N;N;N;N;N;N;N;N;N;N;N;N;N;N;N;N;N;N;N;N;N;N;N;N;http://www.agricoltura.regione.campania.it/fattorie/scheda-307.html
308;Masseria delle Sorgenti Ferrarelle srl;Riardo;CE;N;N;N;N;N;N;N;N;N;N;N;N;N;N;N;N;N;N;N;N;N;N;N;N;http://www.agricoltura.regione.campania.it/fattorie/scheda-308.html
309;Borgo Cerquelle Soc. coop. Agricola;Pontelandolfo;BN;N;N;N;N;N;N;N;N;N;N;N;N;N;N;N;N;N;N;N;N;N;N;N;N;http://www.agricoltura.regione.campania.it/fattorie/scheda-309.html
310;Forgione Carmela;Rocca San Felice;AV;N;N;N;N;N;N;N;N;N;N;N;N;N;N;N;N;N;N;N;N;N;N;N;N;http://www.agricoltura.regione.campania.it/fattorie/scheda-310.html
311;Alta Collina di Tozzi Carmina;Benevento;BN;N;N;N;N;N;N;N;N;N;N;N;N;N;N;N;N;N;N;N;N;N;N;N;N;http://www.agricoltura.regione.campania.it/fattorie/scheda-311.html
312;Fattoria L'Uliveto di D'Ausilio Giovanna;Sessa Aurunca;CE;N;N;N;N;N;N;N;N;N;N;N;N;N;N;N;N;N;N;N;N;N;N;N;N;http://www.agricoltura.regione.campania.it/fattorie/scheda-312.html
313;Masseria Vigne Vecchie – Soc. Coop. Agricola;Solopaca;BN;N;N;N;N;N;N;N;N;N;N;N;N;N;N;N;N;N;N;N;N;N;N;N;N;http://www.agricoltura.regione.campania.it/fattorie/scheda-313.html
314;A Masseria Vecchia di Di Cerbo Giuseppina;Dugenta;BN;N;N;N;N;N;N;N;N;N;N;N;N;N;N;N;N;N;N;N;N;N;N;N;N;http://www.agricoltura.regione.campania.it/fattorie/scheda-314.html
316;Agriturismo Barbati di Barbati Veronica;Roccabascerana;AV;N;N;N;N;N;N;N;N;N;N;N;N;N;N;N;N;N;N;N;N;N;N;N;N;http://www.agricoltura.regione.campania.it/fattorie/scheda-316.html
318;Il Ristoro del Viandante di Carbone Antonio;San Giorgio del Sannio;BN;N;N;N;N;N;N;N;N;N;N;N;N;N;N;N;N;N;N;N;N;N;N;N;N;http://www.agricoltura.regione.campania.it/fattorie/scheda-318.html
319;Terre Stregate di Iacobucci Carlo;Guardia Sanframondi;BN;N;N;N;N;N;N;N;N;N;N;N;N;N;N;N;N;N;N;N;N;N;N;N;N;http://www.agricoltura.regione.campania.it/fattorie/scheda-319.html
320;La Sfruscià di Tozzi Pasqualina;San Gregorio Magno;SA;N;N;N;N;N;N;N;N;N;N;N;N;N;N;N;N;N;N;N;N;N;N;N;N;http://www.agricoltura.regione.campania.it/fattorie/scheda-320.html
321;L'Antica Quercia di Molinaro Giuseppe;Calvi;BN;N;N;N;N;N;N;N;N;N;N;N;N;N;N;N;N;N;N;N;N;N;N;N;N;http://www.agricoltura.regione.campania.it/fattorie/scheda-321.html
322;Mariconda Vito;Vallata;AV;N;N;N;N;N;N;N;N;N;N;N;N;N;N;N;N;N;N;N;N;N;N;N;N;http://www.agricoltura.regione.campania.it/fattorie/scheda-322.html
323;Il Vecchio Vigneto di Barbati Angelica;Roccabascerana;AV;N;N;N;N;N;N;N;N;N;N;N;N;N;N;N;N;N;N;N;N;N;N;N;N;http://www.agricoltura.regione.campania.it/fattorie/scheda-323.html
324;Azienda Agricola Petilia di Bruno Roberto;Altavilla Irpina;AV;N;N;N;N;N;N;N;N;N;N;N;N;N;N;N;N;N;N;N;N;N;N;N;N;http://www.agricoltura.regione.campania.it/fattorie/scheda-324.html
325;Associazione di Volontariato “Geofilos Atella” Circolo Legambiente”;Succivo;CE;N;N;N;N;N;N;N;N;N;N;N;N;N;N;N;N;N;N;N;N;N;N;N;N;http://www.agricoltura.regione.campania.it/fattorie/scheda-325.html
326;Il Turuziello di Benedetto De Gregorio;Massa Lubrense;NA;N;N;N;N;N;N;N;N;N;N;N;N;N;N;N;N;N;N;N;N;N;N;N;N;http://www.agricoltura.regione.campania.it/fattorie/scheda-326.html
327;Cantina Sociale di Solopaca Soc. Coop;Solopaca;BN;N;N;N;N;N;N;N;N;N;N;N;N;N;N;N;N;N;N;N;N;N;N;N;N;http://www.agricoltura.regione.campania.it/fattorie/scheda-327.html
328;Tenuta Tirelli di Tirelli Raffaella;Faicchio;BN;N;N;N;N;N;N;N;N;N;N;N;N;N;N;N;N;N;N;N;N;N;N;N;N;http://www.agricoltura.regione.campania.it/fattorie/scheda-328.html
329;Azienda Agricola Casa La Selva;Mignano Montelungo;CE;N;N;N;N;N;N;N;N;N;N;N;N;N;N;N;N;N;N;N;N;N;N;N;N;http://www.agricoltura.regione.campania.it/fattorie/scheda-329.html
331;Convivium srl Società Agricola;Pozzuoli;NA;N;N;N;N;N;N;N;N;N;N;N;N;N;N;N;N;N;N;N;N;N;N;N;N;http://www.agricoltura.regione.campania.it/fattorie/scheda-331.html
332;Antico Frantoio Famiglia D’Alterio di D’Alterio Roberto;Conca della Campania;CE;N;N;N;N;N;N;N;N;N;N;N;N;N;N;N;N;N;N;N;N;N;N;N;N;http://www.agricoltura.regione.campania.it/fattorie/scheda-332.html
333;Verzino Giorgio;Reino;BN;N;N;N;N;N;N;N;N;N;N;N;N;N;N;N;N;N;N;N;N;N;N;N;N;http://www.agricoltura.regione.campania.it/fattorie/scheda-333.html
334;Ciardiello Salvatore;Conca della Campania;CE;N;N;N;N;N;N;N;N;N;N;N;N;N;N;N;N;N;N;N;N;N;N;N;N;http://www.agricoltura.regione.campania.it/fattorie/scheda-334.html
335;Cannavacciuolo Aniello;Angri;SA;N;N;N;N;N;N;N;N;N;N;N;N;N;N;N;N;N;N;N;N;N;N;N;N;http://www.agricoltura.regione.campania.it/fattorie/scheda-335.html
336;Antico Frantoio Costantini - V.M.C. Srl;San Marco dei Cavoti;BN;N;N;N;N;N;N;N;N;N;N;N;N;N;N;N;N;N;N;N;N;N;N;N;N;http://www.agricoltura.regione.campania.it/fattorie/scheda-336.html
337;La Fattoria di Biancaneve e i Sette Nani di Martino Antonietta;Sant’Agata de’ Goti;BN;N;N;N;N;N;N;N;N;N;N;N;N;N;N;N;N;N;N;N;N;N;N;N;N;http://www.agricoltura.regione.campania.it/fattorie/scheda-337.html
338;Terra Nostra - My land di Salomone Filippo;Corleto Monforte;SA;N;N;N;N;N;N;N;N;N;N;N;N;N;N;N;N;N;N;N;N;N;N;N;N;http://www.agricoltura.regione.campania.it/fattorie/scheda-338.html
339;Agricola Gorrieri - srl semplificata;Centola;SA;N;N;N;N;N;N;N;N;N;N;N;N;N;N;N;N;N;N;N;N;N;N;N;N;http://www.agricoltura.regione.campania.it/fattorie/scheda-339.html
340;La Valle del Mulino;Montecorice;SA;N;N;N;N;N;N;N;N;N;N;N;N;N;N;N;N;N;N;N;N;N;N;N;N;http://www.agricoltura.regione.campania.it/fattorie/scheda-340.html
341;Roan Società Agricola srl - Tenuta di Ippocrate;Montefredane;AV;N;N;N;N;N;N;N;N;N;N;N;N;N;N;N;N;N;N;N;N;N;N;N;N;http://www.agricoltura.regione.campania.it/fattorie/scheda-341.html
342;Bel Vesuvio Inn di Sorrentino Anna;San Sebastiano al Vesuvio;NA;N;N;N;N;N;N;N;N;N;N;N;N;N;N;N;N;N;N;N;N;N;N;N;N;http://www.agricoltura.regione.campania.it/fattorie/scheda-342.html
343;Il Cavaliere dei Conti di Nicolso Marco;Vietri sul mare;SA;N;N;N;N;N;N;N;N;N;N;N;N;N;N;N;N;N;N;N;N;N;N;N;N;http://www.agricoltura.regione.campania.it/fattorie/scheda-343.html
344;Alpega Grower Società Agricola arl;Sarno;SA;N;N;N;N;N;N;N;N;N;N;N;N;N;N;N;N;N;N;N;N;N;N;N;N;http://www.agricoltura.regione.campania.it/fattorie/scheda-344.html
345;Vi. San. Flor. di Vittorio Sangiorgio;Pagani;SA;N;N;N;N;N;N;N;N;N;N;N;N;N;N;N;N;N;N;N;N;N;N;N;N;http://www.agricoltura.regione.campania.it/fattorie/scheda-345.html
346;Azienda Olivicola Mennella di Luca Mennella;Serre;SA;N;N;N;N;N;N;N;N;N;N;N;N;N;N;N;N;N;N;N;N;N;N;N;N;http://www.agricoltura.regione.campania.it/fattorie/scheda-346.html
347;Agricola Vitale srl – Società Agricola;Ciorlano;CE;N;N;N;N;N;N;N;N;N;N;N;N;N;N;N;N;N;N;N;N;N;N;N;N;http://www.agricoltura.regione.campania.it/fattorie/scheda-347.html
348;Azienda agricola La Masseria di Gargiulo Ferdinando;Massalubrense;NA;N;N;N;N;N;N;N;N;N;N;N;N;N;N;N;N;N;N;N;N;N;N;N;N;http://www.agricoltura.regione.campania.it/fattorie/scheda-348.html
349;Amico Bio Spartacus Arena;Santa Maria Capua Vetere;CE;N;N;N;N;N;N;N;N;N;N;N;N;N;N;N;N;N;N;N;N;N;N;N;N;http://www.agricoltura.regione.campania.it/fattorie/scheda-349.html
350;La cantina del Fattore;Vico Equense;NA;N;N;N;N;N;N;N;N;N;N;N;N;N;N;N;N;N;N;N;N;N;N;N;N;http://www.agricoltura.regione.campania.it/fattorie/scheda-350.html
351;Fattoria Rosabella - Rosabella srl Società Agricola;Montella;AV;N;N;N;N;N;N;N;N;N;N;N;N;N;N;N;N;N;N;N;N;N;N;N;N;http://www.agricoltura.regione.campania.it/fattorie/scheda-351.html
352;Aurelio Barrasso;Grottaminarda;AV;N;N;N;N;N;N;N;N;N;N;N;N;N;N;N;N;N;N;N;N;N;N;N;N;http://www.agricoltura.regione.campania.it/fattorie/scheda-352.html
353;G.B. agricola srl;Montoro;AV;N;N;N;N;N;N;N;N;N;N;N;N;N;N;N;N;N;N;N;N;N;N;N;N;http://www.agricoltura.regione.campania.it/fattorie/scheda-353.html
354;Foresta Demaniale Regionale Cerreta e Cognole;Montesano sulla Marcellana;SA;N;N;N;N;N;N;N;N;N;N;N;N;N;N;N;N;N;N;N;N;N;N;N;N;http://www.agricoltura.regione.campania.it/fattorie/scheda-354.html
357;Mamy Ro sas di Perfetto Rosa;Castel Campagnano;CE;N;N;N;N;N;N;N;N;N;N;N;N;N;N;N;N;N;N;N;N;N;N;N;N;http://www.agricoltura.regione.campania.it/fattorie/scheda-357.html
358;Torre Alberto;Capaccio;SA;N;N;N;N;N;N;N;N;N;N;N;N;N;N;N;N;N;N;N;N;N;N;N;N;http://www.agricoltura.regione.campania.it/fattorie/scheda-358.html
359;Podere Rega;Capaccio;SA;N;N;N;N;N;N;N;N;N;N;N;N;N;N;N;N;N;N;N;N;N;N;N;N;http://www.agricoltura.regione.campania.it/fattorie/scheda-359.html
360;San Martino;Pozzuoli;NA;N;N;N;N;N;N;N;N;N;N;N;N;N;N;N;N;N;N;N;N;N;N;N;N;http://www.agricoltura.regione.campania.it/fattorie/scheda-360.html
361;Frantoio Oleario Migliozzi Enrico;Teano;CE;N;N;N;N;N;N;N;N;N;N;N;N;N;N;N;N;N;N;N;N;N;N;N;N;http://www.agricoltura.regione.campania.it/fattorie/scheda-361.html
362;Le radici del Mediterraneo;Ercolano;NA;N;N;N;N;N;N;N;N;N;N;N;N;N;N;N;N;N;N;N;N;N;N;N;N;http://www.agricoltura.regione.campania.it/fattorie/scheda-362.html
363;Soc. Agricola Pandora srl;Sorrento;NA;N;N;N;N;N;N;N;N;N;N;N;N;N;N;N;N;N;N;N;N;N;N;N;N;http://www.agricoltura.regione.campania.it/fattorie/scheda-363.html
364;Azienda Vitivinicola Montespina di Iovino Antonio;Pozzuoli;NA;N;N;N;N;N;N;N;N;N;N;N;N;N;N;N;N;N;N;N;N;N;N;N;N;http://www.agricoltura.regione.campania.it/fattorie/scheda-364.html
365;Rotondola di Salzillo Salvatore;Pontelatone;CE;N;N;N;N;N;N;N;N;N;N;N;N;N;N;N;N;N;N;N;N;N;N;N;N;http://www.agricoltura.regione.campania.it/fattorie/scheda-365.html
366;Masseria Campito soc. agricola Cugine Di Martino;Gricignano d'Aversa;CE;N;N;N;N;N;N;N;N;N;N;N;N;N;N;N;N;N;N;N;N;N;N;N;N;http://www.agricoltura.regione.campania.it/fattorie/scheda-366.html
367;Torraca;Pozzuoli;NA;N;N;N;N;N;N;N;N;N;N;N;N;N;N;N;N;N;N;N;N;N;N;N;N;http://www.agricoltura.regione.campania.it/fattorie/scheda-367.html
368;Le Parisien srl;Montecorvino Pugliano;SA;N;N;N;N;N;N;N;N;N;N;N;N;N;N;N;N;N;N;N;N;N;N;N;N;http://www.agricoltura.regione.campania.it/fattorie/scheda-368.html
369;Società Agricola Antico Castello sas di Romano Francesco;San Mango sul Calore;AV;N;N;N;N;N;N;N;N;N;N;N;N;N;N;N;N;N;N;N;N;N;N;N;N;http://www.agricoltura.regione.campania.it/fattorie/scheda-369.html
370;Azienda Agricola Zootecnica Caseificio Chirico Benedetto;Ascea;SA;N;N;N;N;N;N;N;N;N;N;N;N;N;N;N;N;N;N;N;N;N;N;N;N;http://www.agricoltura.regione.campania.it/fattorie/scheda-370.html
371;Azienda Agricola Zootecnica La Fattoria Reale;Francolise;CE;N;N;N;N;N;N;N;N;N;N;N;N;N;N;N;N;N;N;N;N;N;N;N;N;http://www.agricoltura.regione.campania.it/fattorie/scheda-371.html
372;Cantina Bambinuto sas;Sanat Paolina;AV;N;N;N;N;N;N;N;N;N;N;N;N;N;N;N;N;N;N;N;N;N;N;N;N;http://www.agricoltura.regione.campania.it/fattorie/scheda-372.html
373;Cantine Macchie Santa Maria;Montemiletto;AV;N;N;N;N;N;N;N;N;N;N;N;N;N;N;N;N;N;N;N;N;N;N;N;N;http://www.agricoltura.regione.campania.it/fattorie/scheda-373.html
374;I tre Ulivi;Paternopoli;AV;N;N;N;N;N;N;N;N;N;N;N;N;N;N;N;N;N;N;N;N;N;N;N;N;http://www.agricoltura.regione.campania.it/fattorie/scheda-374.html
376;Venuti Marianna;Luogosano;AV;N;N;N;N;N;N;N;N;N;N;N;N;N;N;N;N;N;N;N;N;N;N;N;N;http://www.agricoltura.regione.campania.it/fattorie/scheda-376.html
377;La Masseria di Sessa srl;Sessa Aurunca;CE;N;N;N;N;N;N;N;N;N;N;N;N;N;N;N;N;N;N;N;N;N;N;N;N;http://www.agricoltura.regione.campania.it/fattorie/scheda-377.html
378;Europrogram Società Agricola - Mulino Bencivenga;Alvignano;CE;N;N;N;N;N;N;N;N;N;N;N;N;N;N;N;N;N;N;N;N;N;N;N;N;http://www.agricoltura.regione.campania.it/fattorie/scheda-378.html
379;Villa Chiara di Fabiana Scarica;Vico Equense;NA;N;N;N;N;N;N;N;N;N;N;N;N;N;N;N;N;N;N;N;N;N;N;N;N;http://www.agricoltura.regione.campania.it/fattorie/scheda-379.html
380;Tenuta Fidentea;Pozzuoli;NA;N;N;N;N;N;N;N;N;N;N;N;N;N;N;N;N;N;N;N;N;N;N;N;N;http://www.agricoltura.regione.campania.it/fattorie/scheda-380.html
381;Coppola Gennaro - Parco Natura San Donato;Eboli;SA;N;N;N;N;N;N;N;N;N;N;N;N;N;N;N;N;N;N;N;N;N;N;N;N;http://www.agricoltura.regione.campania.it/fattorie/scheda-381.html
382;Azienda agricola Giuliano Erminia di Nicodemo Nicola - Masseria Cugno;Acerno;SA;N;N;N;N;N;N;N;N;N;N;N;N;N;N;N;N;N;N;N;N;N;N;N;N;http://www.agricoltura.regione.campania.it/fattorie/scheda-382.html
383;Bosco Grande sca;Bellona;CE;N;N;N;N;N;N;N;N;N;N;N;N;N;N;N;N;N;N;N;N;N;N;N;N;http://www.agricoltura.regione.campania.it/fattorie/scheda-383.html
384;Bosco Grande sca;Sessa Aurunca;CE;N;N;N;N;N;N;N;N;N;N;N;N;N;N;N;N;N;N;N;N;N;N;N;N;http://www.agricoltura.regione.campania.it/fattorie/scheda-384.html
385;Iniziativa Agricola Soc. Agr. Arl;Sparanise;CE;N;N;N;N;N;N;N;N;N;N;N;N;N;N;N;N;N;N;N;N;N;N;N;N;http://www.agricoltura.regione.campania.it/fattorie/scheda-385.html
386;Il Focolare di De Lillo Carmela;Ariano Irpino;AV;N;N;N;N;N;N;N;N;N;N;N;N;N;N;N;N;N;N;N;N;N;N;N;N;http://www.agricoltura.regione.campania.it/fattorie/scheda-386.html
387;Società agricola di Valentino Lidia & co;Avellino;AV;N;N;N;N;N;N;N;N;N;N;N;N;N;N;N;N;N;N;N;N;N;N;N;N;http://www.agricoltura.regione.campania.it/fattorie/scheda-387.html
388;Masseria Adinolfi di Adinolfi Andrea;S. Angelo in Formis;CE;N;N;N;N;N;N;N;N;N;N;N;N;N;N;N;N;N;N;N;N;N;N;N;N;http://www.agricoltura.regione.campania.it/fattorie/scheda-388.html
389;Izzo Giuseppina - Le terre di giù;Alvignano;CE;N;N;N;N;N;N;N;N;N;N;N;N;N;N;N;N;N;N;N;N;N;N;N;N;http://www.agricoltura.regione.campania.it/fattorie/scheda-389.html
390;L'antica pietra di Cecilia Magnante;Pietravairano;CE;N;N;N;N;N;N;N;N;N;N;N;N;N;N;N;N;N;N;N;N;N;N;N;N;http://www.agricoltura.regione.campania.it/fattorie/scheda-390.html
391;Azienda Agricola Le Masciare srl;Paternopoli;AV;N;N;N;N;N;N;N;N;N;N;N;N;N;N;N;N;N;N;N;N;N;N;N;N;http://www.agricoltura.regione.campania.it/fattorie/scheda-391.html
392;Il giglio della valle;Marano di Napoli;NA;N;N;N;N;N;N;N;N;N;N;N;N;N;N;N;N;N;N;N;N;N;N;N;N;http://www.agricoltura.regione.campania.it/fattorie/scheda-392.html
393;Fondazione Mida;Pertosa;SA;N;N;N;N;N;N;N;N;N;N;N;N;N;N;N;N;N;N;N;N;N;N;N;N;http://www.agricoltura.regione.campania.it/fattorie/scheda-393.html
394;Museo Etnografico della Cultura Materiale;Aquilonia;AV;N;N;N;N;N;N;N;N;N;N;N;N;N;N;N;N;N;N;N;N;N;N;N;N;http://www.agricoltura.regione.campania.it/fattorie/scheda-394.html
395;Ischia Bio srl;Barano d'Ischia;NA;N;N;N;N;N;N;N;N;N;N;N;N;N;N;N;N;N;N;N;N;N;N;N;N;http://www.agricoltura.regione.campania.it/fattorie/scheda-395.html
396;La Vigna di Ciriello Angela;Pollena Trocchia;NA;N;N;N;N;N;N;N;N;N;N;N;N;N;N;N;N;N;N;N;N;N;N;N;N;http://www.agricoltura.regione.campania.it/fattorie/scheda-396.html
397;Preti Longhe di C.A.M. s. c. arl;Molinara;BN;N;N;N;N;N;N;N;N;N;N;N;N;N;N;N;N;N;N;N;N;N;N;N;N;http://www.agricoltura.regione.campania.it/fattorie/scheda-397.html
398;Il Giardino dell'Orco;Pozzuoli;NA;N;N;N;N;N;N;N;N;N;N;N;N;N;N;N;N;N;N;N;N;N;N;N;N;http://www.agricoltura.regione.campania.it/fattorie/scheda-398.html
399;Tenuta Le Lune del Vesuvio di Parisi Grazia & C. sas;Terzigno;NA;N;N;N;N;N;N;N;N;N;N;N;N;N;N;N;N;N;N;N;N;N;N;N;N;http://www.agricoltura.regione.campania.it/fattorie/scheda-399.html
400;Cilento Servizi soc. coop.;Prignano Cilento;SA;N;N;N;N;N;N;N;N;N;N;N;N;N;N;N;N;N;N;N;N;N;N;N;N;http://www.agricoltura.regione.campania.it/fattorie/scheda-400.html
401;Cioffi Monica;Calvi Risorta;CE;N;N;N;N;N;N;N;N;N;N;N;N;N;N;N;N;N;N;N;N;N;N;N;N;http://www.agricoltura.regione.campania.it/fattorie/scheda-401.html
402;Calisto Società Agricola;Ricigliano;SA;N;N;N;N;N;N;N;N;N;N;N;N;N;N;N;N;N;N;N;N;N;N;N;N;http://www.agricoltura.regione.campania.it/fattorie/scheda-402.html
403;Sorà Antonio;Formicola;CE;N;N;N;N;N;N;N;N;N;N;N;N;N;N;N;N;N;N;N;N;N;N;N;N;http://www.agricoltura.regione.campania.it/fattorie/scheda-403.html
404;Villa Sorbo di Sorbo Salvatore;Galluccio;CE;N;N;N;N;N;N;N;N;N;N;N;N;N;N;N;N;N;N;N;N;N;N;N;N;http://www.agricoltura.regione.campania.it/fattorie/scheda-404.html
405;Jole srl Società Agricola;San Giorgio a Cremano;NA;N;N;N;N;N;N;N;N;N;N;N;N;N;N;N;N;N;N;N;N;N;N;N;N;http://www.agricoltura.regione.campania.it/fattorie/scheda-405.html
406;Tenute del Gheppio;Dugenta;BN;N;N;N;N;N;N;N;N;N;N;N;N;N;N;N;N;N;N;N;N;N;N;N;N;http://www.agricoltura.regione.campania.it/fattorie/scheda-406.html
407;Azienda Agrituristica Bellofatto;Torella dei Lombardi;AV;N;N;N;N;N;N;N;N;N;N;N;N;N;N;N;N;N;N;N;N;N;N;N;N;http://www.agricoltura.regione.campania.it/fattorie/scheda-407.html
408;Museo Vivente Dieta Mediterranea;Pollica;SA;N;N;N;N;N;N;N;N;N;N;N;N;N;N;N;N;N;N;N;N;N;N;N;N;http://www.agricoltura.regione.campania.it/fattorie/scheda-408.html
409;Azienda Agricola Carbone Cosimo;Montecorvino Pugliano;SA;N;N;N;N;N;N;N;N;N;N;N;N;N;N;N;N;N;N;N;N;N;N;N;N;http://www.agricoltura.regione.campania.it/fattorie/scheda-409.html
410;Soc. Coop. Polo Oasi – Costa d'Arco Village;San Giorgio del Sannio;BN;N;N;N;N;N;N;N;N;N;N;N;N;N;N;N;N;N;N;N;N;N;N;N;N;http://www.agricoltura.regione.campania.it/fattorie/scheda-410.html
411;Azienda Agricola San Cumano – I Gelsi;Benevento;BN;N;N;N;N;N;N;N;N;N;N;N;N;N;N;N;N;N;N;N;N;N;N;N;N;http://www.agricoltura.regione.campania.it/fattorie/scheda-411.html
412;Corte Ciervo di Stefano Ciervo;San Salvatore Telesino;;N;N;N;N;N;N;N;N;N;N;N;N;N;N;N;N;N;N;N;N;N;N;N;N;http://www.agricoltura.regione.campania.it/fattorie/scheda-412.html
413;Il Borgo Antico;Castelpagano;BN;N;N;N;N;N;N;N;N;N;N;N;N;N;N;N;N;N;N;N;N;N;N;N;N;http://www.agricoltura.regione.campania.it/fattorie/scheda-413.html
414;Società Agricola Villanova srl;Napoli;NA;N;N;N;N;N;N;N;N;N;N;N;N;N;N;N;N;N;N;N;N;N;N;N;N;http://www.agricoltura.regione.campania.it/fattorie/scheda-414.html
415;Iemma Cesare Giulio;Pastorano;CE;N;N;N;N;N;N;N;N;N;N;N;N;N;N;N;N;N;N;N;N;N;N;N;N;http://www.agricoltura.regione.campania.it/fattorie/scheda-415.html
416;Soc. Agricola MT72 sas di Domenico Testa & C.;Caiazzo;CE;N;N;N;N;N;N;N;N;N;N;N;N;N;N;N;N;N;N;N;N;N;N;N;N;http://www.agricoltura.regione.campania.it/fattorie/scheda-416.html
417;Azienda Agricola Francesco Savoia;Roccabascerana;AV;N;N;N;N;N;N;N;N;N;N;N;N;N;N;N;N;N;N;N;N;N;N;N;N;http://www.agricoltura.regione.campania.it/fattorie/scheda-417.html
418;Fattoria del Gelso Bianco di Iuliano Irene sas;Montano Antilia;SA;N;N;N;N;N;N;N;N;N;N;N;N;N;N;N;N;N;N;N;N;N;N;N;N;http://www.agricoltura.regione.campania.it/fattorie/scheda-418.html
419;Le Saudine di Scarano Lucia Anna Maria;Caiazzo;CE;N;N;N;N;N;N;N;N;N;N;N;N;N;N;N;N;N;N;N;N;N;N;N;N;http://www.agricoltura.regione.campania.it/fattorie/scheda-419.html
420;Le Crete;Candida;AV;N;N;N;N;N;N;N;N;N;N;N;N;N;N;N;N;N;N;N;N;N;N;N;N;http://www.agricoltura.regione.campania.it/fattorie/scheda-420.html
421;Azienda Agricola Mellis di Foti Enrico;Postiglione;SA;N;N;N;N;N;N;N;N;N;N;N;N;N;N;N;N;N;N;N;N;N;N;N;N;http://www.agricoltura.regione.campania.it/fattorie/scheda-421.html
422;Oro del Sannio di Angela Maria Zeoli;Santa Croce del Sannio;BN;N;N;N;N;N;N;N;N;N;N;N;N;N;N;N;N;N;N;N;N;N;N;N;N;http://www.agricoltura.regione.campania.it/fattorie/scheda-422.html
423;Moffa Maria Antonietta;Colle Sannita;BN;N;N;N;N;N;N;N;N;N;N;N;N;N;N;N;N;N;N;N;N;N;N;N;N;http://www.agricoltura.regione.campania.it/fattorie/scheda-423.html
424;Barone Negri di Negri Monica;Fisciano;SA;N;N;N;N;N;N;N;N;N;N;N;N;N;N;N;N;N;N;N;N;N;N;N;N;http://www.agricoltura.regione.campania.it/fattorie/scheda-424.html
425;La Fonte  Società Agricola;Sala Consilina;SA;N;N;N;N;N;N;N;N;N;N;N;N;N;N;N;N;N;N;N;N;N;N;N;N;http://www.agricoltura.regione.campania.it/fattorie/scheda-425.html
426;Da Baffone srl;Santo Stefano del Sole;AV;N;N;N;N;N;N;N;N;N;N;N;N;N;N;N;N;N;N;N;N;N;N;N;N;http://www.agricoltura.regione.campania.it/fattorie/scheda-426.html
427;Masseria Grande di Arganese Giuseppe;Bucciano;BN;N;N;N;N;N;N;N;N;N;N;N;N;N;N;N;N;N;N;N;N;N;N;N;N;http://www.agricoltura.regione.campania.it/fattorie/scheda-427.html
428;Centro Cinofilo del Taburno;Solopaca;BN;N;N;N;N;N;N;N;N;N;N;N;N;N;N;N;N;N;N;N;N;N;N;N;N;http://www.agricoltura.regione.campania.it/fattorie/scheda-428.html
429;Società Agricola Villa Romano srl;Napoli;NA;N;N;N;N;N;N;N;N;N;N;N;N;N;N;N;N;N;N;N;N;N;N;N;N;http://www.agricoltura.regione.campania.it/fattorie/scheda-429.html
